thigmotperc,lean,locom,defec,groomfr,rear,groomdur,jump,thigmodperc,groombout,labels
74,64,9359,5,16,38,320,0,49.52452185,20,male
78,57,8482,6,12,44,76,0,65.0789908,6.333333333,male
47,71,13199,6,12,27,37,0,38.51049322,3.083333333,male
47,46,10257,4,6,30,24,0,33.41132885,4,male
54,93,9293,8,20,19,133,0,54.18056602,6.65,male
68,107,11740,8,16,28,58,19,61.439523,3.625,male
50,62,11450,3,13,116,41,0,45.25764192,3.153846154,male
61,84,8042,2,7,94,31,6,50.95747327,4.428571429,male
74,80,9681,4,12,71,142,3,52.65984919,11.83333333,male
95,43,5502,4,12,5,93,0,88.3133406,7.75,male
56,63,8067,6,17,80,86,1,51.3077972,5.058823529,male
32,32,7287,8,16,48,402,0,30.68478112,25.125,male
55,61,7566,6,9,30,169,1,54.29553265,18.77777778,male
100,36,4047,5,10,1,226,0,99.23400049,22.6,male
44,39,9617,3,2,178,34,3,35.08370594,17,male
90,66,6593,6,8,23,52,0,83.57348703,6.5,male
87,36,4024,7,14,7,101,0,74.17992048,7.214285714,male
66,8,6995,8,3,10,22,0,61.88706219,7.333333333,male
70,4,13090,6,7,90,31,0,61.42093201,4.428571429,male
52,66,10099,5,4,71,17.68,0,43.47955243,4.42,male
44,82,11988,6,4,46,15.52,0,34.30096763,3.88,male
78,124,15154,10,10,47,61.52,0,64.50442128,6.152,male
71,103,14811,10,14,70,124.48,0,55.28998717,8.891428571,male
74,21,5797,0,14,39,268,0,56.73624288,19.14285714,male
54,25,5619,0,9,18,223,0,46.12920449,24.77777778,male
60,95,13217,8,8,87,26,0,47.74154498,3.25,male
72,102,12847,2,13,17,53,0,61.75760878,4.076923077,male
74,63,12371,5,8,25,31.44,0,67.75523402,3.93,male
74,44,6945,6,19,7,89.68,0,71.83585313,4.72,male
74,100,9197,1,6,43,42.8,3,63.22713929,7.133333333,male
60,76,12856,0,12,85,44.16,0,56.84505289,3.68,male
44,56,10890,0,6,67,37.2,0,36.4738292,6.2,male
56,41,12128,3,5,33,57.92,0,44.36015831,11.584,male
79,77,8691,6,7,23,42.72,39,63.82464619,6.102857143,male
58,67,8102,9,7,9,68.72,0,51.2959763,9.817142857,male
73,82,9780,3,10,10,69.28,0,68.93660532,6.928,male
72,64,7735,2,4,9,15.68,0,59.76729153,3.92,male
43,73,11666,11,14,151,59.84,0,37.49357106,4.274285714,male
61,117,10584,4,10,121,61.2,0,46.63643235,6.12,male
74,58,7626,0,4,36,3.44,0,71.28245476,0.86,male
86,103,7529,0,15,14,172.96,0,80.18329127,11.53066667,male
45,44,6106,4,19,32,82.08,0,54.09433344,4.32,male
58,38,5413,1,8,28,64.16,0,62.183632,8.02,male
70,86,9750,7,12,103,137.6,2,53.90769231,11.46666667,male
64,48,8042,4,7,36,25.36,0,52.35016165,3.622857143,male
54,39,9557,1,6,60,26.08,0,44.98273517,4.346666667,male
78,111,11752,2,4,37,11.76,0,69.5115725,2.94,male
64,77,10790,0,5,23,18.96,0,55.79240037,3.792,male
77,129,13057,0,9,51,40.24,0,68.77536953,4.471111111,male
77,113,11548,1,8,60,46.64,14,69.69172151,5.83,male
62,76,9745,0,6,34,43.24,0,51.81118522,7.206666667,male
85,83,10538,0,8,13,60.24,0,75.10912887,7.53,male
48,20,5706,7,8,46,105.36,0,42.7444795,13.17,male
52,48,10003,0,5,150,52.8,2,46.14615615,10.56,male
73,101,10046,6,7,20,25.6,0,69.79892495,3.657142857,male
57,59,11360,10,3,44,20.88,0,43.89084507,6.96,male
71,107,11447,7,8,74,134.56,2,60.54861536,16.82,male
86,116,7569,3,6,85,25.52,0,96.72347734,4.253333333,male
81,118,9545,2,7,57,28.56,0,72.46726035,4.08,male
67,58,9543,8,5,40,39.04,0,53.36896154,7.808,male
84,63,8841,2,10,15,111.2,0,73.72469178,11.12,male
74,51,7056,6,12,10,96.24,0,66.01473923,8.02,male
82,43,6596,7,11,31,104.4,0,72.43784112,9.490909091,male
90,76,6450,5,10,38,241.2,0,83.92248062,24.12,male
86,43,4348,3,10,34,251.12,0,78.31186753,25.112,male
76,59,5937,8,4,1,64.64,0,85.53141317,16.16,male
89,79,8298,5,7,10,115.68,0,87.08122439,16.52571429,male
63,48,8898,4,9,41,70.24,0,49.49426838,7.804444444,male
74,105,10893,0,9,52,14.48,0,69.69613513,1.608888889,male
37,75,14043,1,2,111,30.64,9,38.04030478,15.32,male
70,79,5754,7,11,20,196.88,3,72.81890859,17.89818182,male
50,56,7992,4,10,32,94.32,1,39.4019019,9.432,male
70,120,10045,4,18,76,86.08,3,52.18516675,4.782222222,male
72,155,12843,1,2,43,3.92,3,60.26629292,1.96,male
61,97,10807,4,4,126,19.36,8,53.19700194,4.84,male
64,96,11429,4,3,158,43.44,24,52.20929215,14.48,male
67,70,11149,7,6,28,28.8,0,69.00170419,4.8,male
50,70,11895,4,4,24,19.68,0,51.44178226,4.92,male
67,67,6122,10,8,49,93.04,0,60.16007841,11.63,male
65,78,7175,6,16,111,76.72,1,48.58536585,4.795,male
54,101,9609,2,5,53,51.68,0,53.26256634,10.336,male
78,99,7258,3,8,62,40.96,0,75.47533756,5.12,male
54,22,6281,0,7,1,58.16,0,55.34150613,8.308571429,male
83,85,7904,0,7,1,49.52,0,80.54149798,7.074285714,male
67,114,10836,1,11,6,46.4,0,68.34625323,4.218181818,male
78,97,8587,2,9,16,66.8,0,72.66798649,7.422222222,male
40,58,11583,0,3,7,3.84,0,29.43969611,1.28,male
56,88,13022,0,5,30,7.2,0,49.62371372,1.44,male
56,155,8278,10,6,124,141.44,1,47.95844407,23.57333333,male
51,54,12727,0,8,90,27.44,51,46.5388544,3.43,male
57,34,10725,5,2,88,12.16,58,50.37762238,6.08,male
60,84,9971,8,10,74,96.8,0,55.75167987,9.68,male
43,35,9908,8,11,142,147.28,2,37.92894631,13.38909091,male
66,105,11705,0,12,99,170.4,15,49.03032892,14.2,male
77,118,9611,1,7,26,80.48,4,69.24357507,11.49714286,male
53,77,11181,5,12,7,44.48,0,46.92782399,3.706666667,male
58,140,12016,7,4,64,22.48,0,48.22736352,5.62,male
80,152,8721,2,6,76,127.68,45,75.57619539,21.28,male
77,53,8463,5,12,13,130.8,0,65.09511993,10.9,male
61,64,12685,3,3,80,23.04,0,56.01891998,7.68,male
46,44,13530,1,3,80,21.68,16,38.81005174,7.226666667,male
55,68,11788,7,11,65,47.36,0,45.3003054,4.305454546,male
46,76,14169,2,2,78,30.88,7,45.38076082,15.44,male
56,102,12819,2,1,70,131.44,0,55.10570247,131.44,male
72,83,8591,4,2,35,65.92,0,72.99499476,32.96,male
63,65,9467,5,4,27,30.8,0,59.31129186,7.7,male
47,66,11227,1,2,128,10.96,0,35.37899706,5.48,male
54,63,8537,8,10,46,84.32,0,45.06266839,8.432,male
66,104,10844,0,10,47,56.64,0,63.76798229,5.664,male
75,123,10186,0,3,8,20.4,55,70.29255841,6.8,male
54,89,15383,0,3,86,20.88,1,49.65871417,6.96,male
48,53,12818,6,2,34,19.52,0,52.37946638,9.76,male
71,116,9976,15,6,19,46.72,2,70.41900561,7.786666667,male
52,61,11206,5,5,54,30.08,3,47.5638051,6.016,male
63,74,16323,3,4,65,34.88,7,60.20339398,8.72,male
54,169,11903,5,5,96,20.08,14,48.96244644,4.016,male
38,79,12119,0,3,145,54.64,3,44.96245565,18.21333333,male
55,81,11213,3,10,128,62.32,0,41.9423883,6.232,male
49,75,15917,8,11,56,52.24,0,44.09750581,4.749090909,male
68,136,13701,6,5,33,52.24,0,59.11247354,10.448,male
55,41,7407,8,12,49,47.04,0,55.58255704,3.92,male
55,52,8487,3,12,36,63.92,0,56.29786733,5.326666667,male
53,92,11361,5,1,38,0.48,0,49.36185195,0.48,male
58,80,12632,2,3,21,1.6,0,48.61462951,0.533333333,male
64,60,12680,5,5,171,22.24,0,61.86908517,4.448,male
71,56,9161,4,7,69,33.76,0,67.67820107,4.822857143,male
51,78,9632,4,10,114,48.64,0,41.10257475,4.864,male
69,60,7540,5,5,31,62.8,0,57.37400531,12.56,male
61,65,12589,4,3,112,23.92,23,55.37373898,7.973333333,male
64,77,10607,2,7,65,37.68,0,59.70585462,5.382857143,male
63,67,7141,3,8,58,100.96,1,50.10502731,12.62,male
67,50,10345,5,5,24,27.92,0,66.76655389,5.584,male
81,105,11312,2,7,10,32.16,0,79.76485149,4.594285714,male
59,59,12321,0,9,24,37.84,69,52.39022807,4.204444444,male
66,161,14444,4,2,99,1.76,48,58.34948768,0.88,male
78,74,11475,0,2,42,14.24,0,74.84095861,7.12,male
84,126,12614,3,8,41,73.52,0,76.00285397,9.19,male
56,29,7410,8,3,24,19.68,0,47.3414305,6.56,male
70,73,8433,4,7,46,34.16,0,58.44895055,4.88,male
54,59,12120,8,6,70,36.64,0,42.73927393,6.106666667,male
77,18,7363,4,9,25,60.72,0,64.13146815,6.746666667,male
70,72,9697,0,4,78,14.8,10,62.53480458,3.7,male
73,121,12312,4,6,61,42.16,18,63.70207927,7.026666667,male
68,27,6446,0,7,89,150,0,53.53707726,21.42857143,male
63,100,7382,0,7,72,167.76,0,54.63289082,23.96571429,male
52,30,5953,6,7,8,34.56,0,56.57651604,4.937142857,male
2,0,4167,0,9,15,151.6,0,2.447804176,16.84444444,male
65,94,11825,2,3,84,14.88,0,54.22410148,4.96,male
70,104,12338,0,2,48,8.64,0,62.09272167,4.32,male
67,63,9472,6,9,100,55.2,16,52.7660473,6.133333333,male
66,59,9731,6,5,101,31.44,9,56.30459357,6.288,male
44,77,17448,3,8,101,29.36,0,35.67744154,3.67,male
49,54,13743,0,6,81,28.16,0,38.83431565,4.693333333,male
48,64,13257,0,6,100,56.88,0,34.90985894,9.48,male
56,63,13064,0,12,54,118.24,0,46.68554807,9.853333333,male
81,125,9163,2,9,66,48,0,70.80650442,5.333333333,male
83,106,9432,5,6,47,25.04,0,80.70398643,4.173333333,male
68,73,10276,8,3,34,46.4,0,54.49591281,15.46666667,male
57,91,10121,10,2,80,21.84,0,44.63985772,10.92,male
77,61,9145,2,4,29,32.56,0,71.09896118,8.14,male
72,132,12760,4,6,56,32.24,0,60.28996865,5.373333333,male
59,33,14271,4,4,135,21.04,0,51.06860066,5.26,male
42,36,7027,4,3,11,24.16,0,41.9809307,8.053333333,male
73,70,6537,0,3,43,85.2,24,66.98791495,28.4,male
75,62,8412,5,9,20,120.8,2,61.48359486,13.42222222,male
57,73,8941,4,6,70,152.16,5,42.08701488,25.36,male
94,86,6611,17,3,12,27.28,0,89.54772349,9.093333333,male
61,66,7787,5,2,24,17.12,0,66.70091178,8.56,male
72,85,16316,2,5,9,42.96,1,64.2804609,8.592,male
70,62,14536,0,8,25,47.44,0,60.66318107,5.93,male
54,42,9474,3,8,47,72.8,0,47.21342622,9.1,male
65,80,9638,8,5,34,41.92,0,54.8765304,8.384,male
62,75,11458,3,4,59,27.2,0,42.89579333,6.8,male
65,69,9395,7,4,35,44.4,0,44.87493348,11.1,male
85,76,8518,0,1,7,10.32,0,83.83423339,10.32,male
90,81,8494,0,2,19,25.68,0,83.36472804,12.84,male
63,89,12300,1,4,45,50.64,0,55.99186992,12.66,male
65,114,15661,0,1,40,3.92,36,58.61694656,3.92,male
56,68,9024,6,1,103,12,0,42.25398936,12,male
62,52,8017,8,5,44,35.84,0,50.00623675,7.168,male
69,80,14184,3,4,68,16.4,0,62.46474901,4.1,male
62,83,11352,4,1,88,5.92,1,57.51409443,5.92,male
67,41,12377,3,5,69,27.12,0,52.83994506,5.424,male
61,57,14226,5,5,33,16.32,0,49.7961479,3.264,male
73,86,14780,0,2,111,16.48,2,62.60487145,8.24,male
69,84,8416,4,4,31,22,0,54.15874525,5.5,male
58,56,9832,7,7,26,43.76,0,53.87510171,6.251428571,male
80,97,9679,1,10,13,54.64,0,70.03822709,5.464,male
72,101,11789,1,6,92,52.96,0,55.6875053,8.826666667,male
25,19,9182,8,5,83,56.32,0,19.47288173,11.264,male
63,113,11196,5,6,96,25.44,2,57.86888174,4.24,male
79,27,4415,5,7,5,322.56,0,74.38278596,46.08,male
85,46,5963,4,6,19,125.28,0,77.99765219,20.88,male
69,97,10721,5,3,89,18.48,0,57.84908124,6.16,male
65,115,11518,4,6,74,24.4,0,56.94565029,4.066666667,male
72,185,7994,5,10,72,66.16,19,71.05328997,6.616,male
64,161,8329,0,3,65,40.8,19,58.4944171,13.6,male
78,77,9686,9,5,41,134.56,0,57.73281024,26.912,male
65,66,8733,6,5,41,115.2,0,51.76915149,23.04,male
59,137,8897,0,6,67,122.72,0,52.83803529,20.45333333,male
67,112,8858,2,5,64,40.48,1,52.52878754,8.096,male
69,83,9776,6,12,51,91.52,0,55.3089198,7.626666667,male
72,100,8681,5,5,42,66.96,0,52.95472872,13.392,male
84,108,12622,10,7,12,144.48,19,74.82173982,20.64,male
58,83,14232,5,4,71,25.2,3,53.31646993,6.3,male
70,99,11697,0,4,61,54.96,8,64.26434128,13.74,male
67,73,11617,4,4,41,38.88,0,59.35267281,9.72,male
87,91,6933,8,6,92,54.72,12,74.74397808,9.12,male
76,75,7950,11,3,83,27.28,0,65.01886793,9.093333333,male
64,111,10445,7,4,3,26.48,4,58.46816659,6.62,male
70,144,13323,6,6,77,27.04,4,63.16145012,4.506666667,male
51,56,13040,0,11,54,92.24,0,45,8.385454546,male
49,61,11368,4,6,39,34,0,39.1713582,5.666666667,male
61,108,14080,2,4,17,36.64,0,53.26704546,9.16,male
63,65,10638,1,3,26,71.76,0,55.7999624,23.92,male
78,143,11185,4,8,19,19.76,0,73.1426017,2.47,male
84,104,7547,5,6,69,42.88,0,73.96316417,7.146666667,male
72,153,10754,0,4,65,28.96,0,61.5212944,7.24,male
68,108,10224,12,12,40,80.88,0,54.37206573,6.74,male
89,144,10138,8,19,40,183.12,1,73.88044979,9.637894737,male
85,96,8360,8,14,13,157.84,0,80.82535885,11.27428571,male
83,123,9538,10,13,75,115.6,0,68.6307402,8.892307692,male
71,181,15311,10,12,57,33.36,1,60.50551891,2.78,male
62,71,9107,5,8,83,97.04,0,51.72943889,12.13,male
63,70,9578,3,3,117,11.84,1,51.99415327,3.946666667,male
80,57,7215,10,8,104,100.24,0,63.99168399,12.53,male
75,78,6523,7,6,31,72.48,0,54.16219531,12.08,male
64,116,12561,0,5,71,38.32,4,53.57853674,7.664,male
66,162,17520,0,2,31,27.36,15,53.5216895,13.68,male
63,82,9145,12,7,41,95.76,1,54.8168398,13.68,male
67,129,8839,9,7,28,52,2,66.33103292,7.428571429,male
81,159,12652,5,11,113,64.96,44,72.19411951,5.905454546,male
80,130,12372,0,4,70,25.2,10,69.13999353,6.3,male
66,63,10312,2,0,10,0,8,53.60744763,0,male
95,43,3279,1,0,2,0,0,80.63433974,0,male
81,123,8797,9,0,80,0,3,69.25088098,0,male
62,112,11488,0,2,90,0.88,4,49.77367688,0.44,male
67,140,12147,9,0,121,0,8,56.03852803,0,male
67,169,11031,4,43,93,10.72,4,60.99175052,0.249302326,male
64,164,8596,0,40,139,13.6,3,62.80828292,0.34,male
73,93,8690,9,0,47,0,9,63.18757192,0,male
68,146,12767,12,0,104,0,11,54.81319026,0,male
74,119,13479,2,6,56,4.4,6,61.83693152,0.733333333,male
67,103,14356,5,1,43,0.24,12,61.6118696,0.24,male
72,99,14095,13,0,40,0,17,60.19155729,0,male
68,127,13761,10,0,81,0,6,60.66419592,0,male
80,98,8547,3,0,36,0,8,72.28267228,0,male
71,96,8157,5,0,20,0,10,71.10457276,0,male
69,101,12034,5,0,44,0,3,60.511883,0,male
68,103,11299,5,0,18,0,5,54.83671121,0,male
73,109,10540,0,3,75,130.72,52,65.03795066,43.57333333,male
80,62,7304,10,3,38,123.6,4,67.20974808,41.2,male
68,80,9425,0,3,43,58.72,0,53.25198939,19.57333333,male
61,76,9657,0,3,102,33.2,3,50.23299161,11.06666667,male
92,108,6757,0,8,28,156.72,0,84.04617434,19.59,male
88,70,7822,2,7,26,78.32,0,83.16287395,11.18857143,male
74,211,12530,4,6,75,57.2,5,63.51157223,9.533333333,male
62,116,9736,8,6,65,51.92,13,56.53245686,8.653333333,male
89,86,6547,4,5,10,99.36,0,74.76706889,19.872,male
88,57,4824,8,6,4,181.6,0,83.83084577,30.26666667,male
56,99,14134,0,3,62,23.52,1,43.78095373,7.84,male
60,160,15225,2,2,134,3.6,0,41.36617406,1.8,male
65,151,15848,4,4,56,29.68,2,56.33518425,7.42,male
66,102,11881,0,10,67,70.96,8,58.48834273,7.096,male
54,56,6904,9,4,68,40.88,0,43.51100811,10.22,male
74,53,6651,10,8,30,140.08,0,54.48804691,17.51,male
63,112,9858,9,4,172,24.96,61,47.49442078,6.24,male
66,109,10236,9,5,90,48.4,14,50.73270809,9.68,male
53,41,6755,1,3,51,21.68,0,43.87860844,7.226666667,male
37,23,6575,7,2,59,21.44,0,31.69581749,10.72,male
82,96,16338,2,5,44,36.88,26,72.70167707,7.376,male
79,83,12123,8,7,42,19.92,1,68.06071105,2.845714286,male
55,69,11658,4,3,47,8.08,0,42.61451364,2.693333333,male
66,65,10567,2,3,30,21.04,0,51.32014763,7.013333333,male
55,94,13701,0,8,49,28.24,0,45.179184,3.53,male
65,209,15674,7,4,35,15.44,11,56.69261197,3.86,male
68,60,11805,0,2,125,30.48,28,50.24989411,15.24,male
83,50,7784,5,3,34,18.72,0,74.91007194,6.24,male
72,139,11804,11,5,71,107.6,0,56.66723145,21.52,male
74,189,13243,0,1,22,6.24,0,61.08132598,6.24,male
67,54,5681,3,6,46,68.64,0,66.59038902,11.44,male
53,46,6360,0,7,36,105.04,0,48.80503145,15.00571429,male
58,100,13438,3,2,108,14.16,0,51.87527906,7.08,male
75,164,12759,11,5,61,29.2,19,69.89575986,5.84,male
65,81,8693,6,10,25,98.96,4,62.33751294,9.896,male
67,112,13845,2,3,25,23.44,7,63.60418924,7.813333333,male
67,107,10244,4,4,50,48.08,1,59.33229207,12.02,male
62,96,11531,9,7,95,106.08,8,57.18497962,15.15428571,male
86,90,7664,0,4,72,47.36,0,79.14926931,11.84,male
83,77,9919,3,11,64,80.64,0,78.88900091,7.330909091,male
71,55,11146,5,5,42,34.96,0,65.58406603,6.992,male
67,119,16130,0,2,70,8,72,55.133292,4,male
67,57,10334,6,3,76,44.72,0,55.83510741,14.90666667,male
70,112,10506,4,4,73,35.28,0,61.02227299,8.82,male
69,119,14562,11,6,62,30.16,0,60.34885318,5.026666667,male
63,120,15146,12,4,51,45.52,1,55.20929618,11.38,male
60,82,12392,4,5,80,49.52,0,51.80761782,9.904,male
85,97,7750,7,5,27,54.16,0,79.16129032,10.832,male
90,50,7378,7,4,20,51.12,0,81.87855788,12.78,male
72,119,9354,8,3,56,36.16,0,69.38208253,12.05333333,male
73,87,16686,0,12,56,36,0,65.82164689,3,male
70,76,13358,0,16,28,41.12,0,64.87498129,2.57,male
78,38,9548,5,6,30,66,0,64.11813993,11,male
81,60,6949,4,9,25,165.28,0,69.54957548,18.36444444,male
56,76,11587,2,2,98,17.6,0,44.03210495,8.8,male
52,68,11316,2,3,53,21.84,0,42.33828208,7.28,male
76,57,9436,2,9,90,51.92,1,62.51589657,5.768888889,male
78,71,10190,0,8,85,159.76,8,68.46908734,19.97,male
52,123,13701,0,4,40,33.92,0,42.84358806,8.48,male
64,109,12708,2,2,20,16.4,0,56.12999685,8.2,male
54,44,12624,0,2,116,18.16,1,43.47275032,9.08,male
51,30,10259,0,2,122,12.16,0,43.20109172,6.08,male
76,45,7367,7,9,43,75.28,0,68.92900774,8.364444444,male
91,64,7822,0,7,44,59.28,0,88.14881105,8.468571429,male
75,94,10702,7,7,55,76,13,63.80115866,10.85714286,male
64,93,12215,7,3,45,32.96,11,55.81661891,10.98666667,male
64,74,10583,1,2,38,4.32,0,54.91826514,2.16,male
69,75,10821,5,8,57,21.12,0,51.28915997,2.64,male
75,47,9727,5,4,27,19.2,0,68.27387684,4.8,male
65,54,11926,3,5,79,34.48,0,59.13969479,6.896,male
77,87,9450,1,5,35,36.96,4,72.91005291,7.392,male
65,94,8931,4,7,54,46.48,0,64.44966969,6.64,male
81,94,8709,0,6,48,61.28,4,75.19807096,10.21333333,male
67,69,8066,2,11,49,88.16,12,63.14158195,8.014545455,male
83,73,8988,4,6,22,59.68,1,72.24076547,9.946666667,male
44,27,7262,2,7,65,81.44,1,31.29991738,11.63428571,male
62,92,11671,3,2,80,24.8,0,45.66018336,12.4,male
71,59,9037,4,7,58,121.28,0,53.34734978,17.32571429,male
74,59,6421,10,5,42,23.2,0,61.40788039,4.64,male
73,47,9248,4,3,92,20.16,0,63.45155709,6.72,male
66,69,8237,10,9,53,114.24,2,57.92157339,12.69333333,male
74,92,10241,9,9,31,100.16,4,62.34742701,11.12888889,male
75,67,13908,0,6,5,41.12,0,69.37014668,6.853333333,male
66,106,12867,1,4,42,20,0,53.71881558,5,male
43,31,11375,0,3,68,11.68,0,38.46153846,3.893333333,male
45,35,11777,4,3,39,19.52,0,33.16634117,6.506666667,male
78,74,7606,1,3,30,25.44,0,75.19063897,8.48,male
67,52,7763,7,3,17,15.28,0,65.61896174,5.093333333,male
71,64,8512,2,5,55,41.92,0,60.2443609,8.384,male
85,87,7522,7,3,10,70.48,2,74.78064345,23.49333333,male
63,54,10253,0,5,75,19.12,0,54.17926461,3.824,male
60,77,13233,0,2,52,15.44,0,49.93576664,7.72,male
68,39,6882,3,6,32,66,0,46.30921244,11,male
77,41,5682,5,6,43,167.2,0,57.0749736,27.86666667,male
64,95,11311,0,1,49,11.92,2,58.30607373,11.92,male
57,74,9638,0,3,53,60.72,2,56.28761154,20.24,male
85,71,8051,0,7,30,50.08,0,76.4377096,7.154285714,male
80,87,10410,0,3,16,44.48,1,71.85398655,14.82666667,male
65,47,9436,5,2,54,28.08,0,47.13861806,14.04,male
80,75,10136,5,3,35,27.76,11,68.06432518,9.253333333,male
61,80,7912,8,4,58,33.68,6,54.70171891,8.42,male
73,77,6930,8,5,38,64.16,0,65.68542569,12.832,male
66,70,8596,3,7,35,162.56,0,53.40856212,23.22285714,male
74,33,5367,5,3,38,425.76,0,56.40022359,141.92,male
67,73,10823,5,4,51,32.24,0,63.28189966,8.06,male
67,51,8533,5,4,47,23.04,0,60.37735849,5.76,male
71,61,5980,7,8,23,107.28,0,65.93645485,13.41,male
89,49,5666,3,6,13,213.04,0,81.80374162,35.50666667,male
79,14,4723,2,5,1,152.32,0,79.37751429,30.464,male
59,52,8693,5,5,54,30.08,0,50.93753595,6.016,male
79,59,8192,2,6,41,94.56,0,70.73974609,15.76,male
71,52,9033,6,2,10,34.4,0,57.41171261,17.2,male
66,77,8170,1,3,30,26.08,0,54.82252142,8.693333333,male
68,74,10148,3,5,19,41.36,0,62.46551045,8.272,male
66,106,14702,1,3,26,23.28,15,59.23003673,7.76,male
57,36,5642,0,6,65,109.44,1,47.97943992,18.24,male
62,41,5781,3,7,19,89.36,0,70.33385228,12.76571429,male
66,81,11751,6,3,68,29.12,0,47.20449324,9.706666667,male
76,92,10367,7,2,64,18.96,1,64.34841323,9.48,male
72,83,7855,3,6,25,62.64,0,72.94716741,10.44,male
65,63,8128,6,2,26,54.48,0,64.40698819,27.24,male
68,112,11256,12,5,16,65.92,6,56.00568586,13.184,male
62,90,9331,4,3,22,32.48,9,49.78030222,10.82666667,male
67,73,6923,6,6,27,68.32,1,53.95059945,11.38666667,male
79,75,6421,7,2,40,30.48,0,69.66204641,15.24,male
64,64,7704,3,8,59,167.84,5,53.64745587,20.98,male
58,49,8805,5,6,48,53.68,0,54.9346962,8.946666667,male
61,59,10448,5,2,63,20.8,0,57.25497703,10.4,male
72,76,14385,2,3,26,9.52,6,61.20264164,3.173333333,male
72,99,16175,2,5,33,20.4,0,59.73415765,4.08,male
58,37,9945,2,5,119,29.04,0,47.36048266,5.808,male
51,24,12620,6,3,95,16,0,38.85103011,5.333333333,male
73,94,12613,6,7,23,25.92,5,64.15602949,3.702857143,male
77,78,12856,7,3,43,8.88,1,64.81020535,2.96,male
68,82,6967,9,11,26,123.36,0,66.92981197,11.21454546,male
88,105,8358,5,7,8,44,0,79.70806413,6.285714286,male
59,75,10933,0,8,107,79.92,0,45.12027806,9.99,male
89,126,8297,10,4,48,44.64,10,77.58225865,11.16,male
80,46,4540,6,6,14,125.44,0,68.76651982,20.90666667,male
78,72,8487,9,2,50,15.44,0,65.47661129,7.72,male
63,83,13978,0,4,76,7.84,5,50.61525254,1.96,male
64,77,12755,2,3,55,14.8,3,52.56762054,4.933333333,male
62,127,11565,0,2,67,55.28,61,48.11932555,27.64,male
71,129,11033,9,1,65,10.8,1,62.00489441,10.8,male
77,54,8747,4,4,17,49.12,0,64.5135475,12.28,male
86,85,7161,9,7,23,92.48,0,80.07261556,13.21142857,male
63,2,12643,6,0,2,0,0,49.2446413,0,male
75,111,12931,4,3,35,34.48,14,59.83295956,11.49333333,male
81,103,8892,3,6,14,64.88,0,72.21097616,10.81333333,male
90,89,7299,5,8,18,150.16,0,83.87450336,18.77,male
79,100,12337,3,5,58,30.32,0,74.29683067,6.064,male
74,90,11928,5,6,68,46.16,0,63.67370892,7.693333333,male
87,80,10489,6,5,15,29.84,0,79.41653161,5.968,male
64,97,14916,3,2,87,12.88,13,53.66049879,6.44,male
70,79,12891,4,6,92,22.32,0,58.58350787,3.72,male
59,68,11855,0,3,154,35.6,0,46.63011388,11.86666667,male
62,49,12544,1,1,89,5.12,0,50.75733418,5.12,male
53,57,13117,6,2,50,10,0,45.47533735,5,male
58,77,12718,4,3,106,27.12,1,45.58106621,9.04,male
69,79,10341,2,3,14,20.16,0,58.07948941,6.72,male
76,121,13835,7,3,28,27.28,6,61.86483556,9.093333333,male
65,24,9387,1,11,103,90,0,50.22904016,8.181818182,male
53,33,8357,0,4,76,70.56,0,40.81608233,17.64,male
58,63,11223,0,5,116,20.88,0,48.03528468,4.176,male
71,71,12078,1,3,66,19.76,0,62.3613181,6.586666667,male
68,101,11179,2,4,78,30.08,8,56.03363449,7.52,male
68,64,8578,1,2,82,35.76,0,55.09442761,17.88,male
55,60,9070,2,2,61,18.8,0,57.13340684,9.4,male
74,100,10716,0,2,52,23.84,4,66.26539754,11.92,male
53,36,7041,8,6,36,41.44,0,52.36472092,6.906666667,male
60,42,9324,0,3,47,23.44,0,58.05448305,7.813333333,male
64,39,11145,5,4,43,33.84,0,57.84656797,8.46,male
55,64,14036,4,3,51,15.44,1,43.78740382,5.146666667,male
74,78,11765,3,8,52,45.6,0,71.89120272,5.7,male
73,41,10006,4,3,40,9.44,0,69.57825305,3.146666667,male
68,108,11055,7,3,44,13.68,4,64.67661692,4.56,male
73,92,11589,3,1,76,4.8,3,65.87281042,4.8,male
90,60,7593,6,9,44,73.52,0,82.69458712,8.168888889,male
88,44,5170,3,8,35,66.32,0,93.67504836,8.29,male
82,93,12060,0,6,40,40,0,76.0199005,6.666666667,male
76,82,10899,7,6,41,29.68,16,68.45582164,4.946666667,male
74,58,10690,3,7,60,47.92,0,68.48456501,6.845714286,male
69,37,9479,0,6,33,38.32,0,63.71980167,6.386666667,male
66,84,9492,9,3,27,39.2,0,60.61946903,13.06666667,male
71,56,9606,11,8,35,73.28,0,52.33187591,9.16,male
81,21,7205,5,8,17,62.08,0,75.19777932,7.76,male
78,47,9395,6,6,53,57.2,0,73.00691857,9.533333333,male
73,68,12572,8,1,45,3.76,0,62.48806872,3.76,male
66,88,14629,1,1,53,3.04,1,58.69847563,3.04,male
57,52,17376,0,3,80,13.84,0,50.75966851,4.613333333,male
54,68,13452,0,5,73,21.36,0,42.19446922,4.272,male
42,52,9124,2,5,17,53.52,0,38.645331,10.704,male
56,103,13269,5,2,52,22.24,1,46.80835029,11.12,male
70,83,10162,2,4,27,36.96,0,58.9746113,9.24,male
59,91,15542,6,9,67,42.48,1,48.15339081,4.72,male
61,88,10724,5,6,20,15.76,8,48.38679597,2.626666667,male
66,61,10747,9,10,5,47.76,0,53.5684377,4.776,male
81,77,11489,4,7,13,61.04,3,70.50221951,8.72,male
74,33,11176,4,3,46,10.72,0,63.96743021,3.573333333,male
54,63,12256,4,7,20,23.36,0,43.39915144,3.337142857,male
55,97,15289,6,4,21,14.88,4,46.09850219,3.72,male
53,94,19788,0,1,99,1.36,1,36.45138468,1.36,male
56,67,13448,3,8,116,42.24,0,46.42325996,5.28,male
66,69,12806,8,5,26,16.4,0,60.29985944,3.28,male
66,69,12806,8,5,26,16.4,0,60.29985944,3.28,male
51,43,12447,7,4,38,15.28,0,44.19538845,3.82,male
51,43,12447,7,4,38,15.28,0,44.19538845,3.82,male
50,66,12199,9,1,84,6.72,0,36.9292565,6.72,male
65,86,12074,12,5,85,22.96,3,47.63955607,4.592,male
56,55,12168,7,4,34,2.8,0,48.94806049,0.7,male
48,32,9022,11,3,49,6.56,0,42.85080913,2.186666667,male
54,57,12531,10,2,51,7.68,0,51.48032879,3.84,male
84,37,8243,11,8,15,68.96,0,74.26907679,8.62,male
71,114,11783,0,15,51,66,3,59.11906985,4.4,female
63,56,7046,6,18,41,185,0,55.47828555,10.27777778,female
84,49,6227,5,15,23,176,0,66.08318613,11.73333333,female
65,95,13713,7,16,18,51,8,68.08867498,3.1875,female
71,100,16638,4,5,10,14,10,62.96429859,2.8,female
48,58,12982,0,4,23,20,0,41.39577877,5,female
66,56,11073,0,11,13,28,0,63.117493,2.545454546,female
56,50,12753,3,12,74,78,0,51.60354426,6.5,female
65,59,5825,6,14,48,162,0,59.96566524,11.57142857,female
77,93,10933,6,9,47,39,0,62.6452026,4.333333333,female
58,88,14835,9,11,51,45,0,49.61914392,4.090909091,female
60,69,9137,4,19,31,984,4,53.05899092,51.78947368,female
85,75,7319,10,19,31,109,0,81.62317257,5.736842105,female
60,167,14161,3,7,46,41,11,53.66852623,5.857142857,female
23,26,10200,6,6,35,33,0,15.40196078,5.5,female
42,24,6342,1,2,0,13,0,46.12109745,6.5,female
60,10,4116,4,19,1,166,0,59.40233236,8.736842105,female
60,62,8817,7,16,60,45,0,54.61041171,2.8125,female
68,69,9698,6,12,98,61,0,60.84759744,5.083333333,female
82,97,7359,0,18,50,149.28,0,75.28196766,8.293333333,female
51,34,8379,8,17,41,79,0,41.73529061,4.647058824,female
75,45,7797,6,12,46,79,0,61.60061562,6.583333333,female
71,90,15932,4,10,32,34,0,62.99271906,3.4,female
65,73,15405,0,9,25,19,0,54.40441415,2.111111111,female
69,98,9790,10,28,13,123.36,0,52.99284985,4.405714286,female
77,93,7547,10,22,76,114.4,3,70.30608189,5.2,female
40,97,9590,12,30,36,136.68,0,43.11783107,4.556,female
68,103,9074,2,6,77,17.36,0,63.85276615,2.893333333,female
69,188,10142,6,3,48,12.8,0,62.45316506,4.266666667,female
72,76,8770,5,14,23,42.24,0,73.36374002,3.017142857,female
94,75,8104,6,11,34,608.48,0,88.10463968,55.31636364,female
64,67,10804,3,9,39,72.96,2,56.98815254,8.106666667,female
62,74,12255,5,6,29,41.76,0,57.00530396,6.96,female
51,40,10039,3,9,53,66.16,0,44.07809543,7.351111111,female
37,36,8755,3,16,46,82.96,0,29.61736151,5.185,female
58,49,8334,3,15,52,38.32,0,53.52771778,2.554666667,female
78,53,8570,3,8,45,16.72,0,74.23570595,2.09,female
18,26,7183,7,4,65,25.12,0,31.76945566,6.28,female
65,51,8664,6,6,63,18.24,0,51.0734072,3.04,female
92,114,8267,4,17,12,83.2,1,87.38357324,4.894117647,female
82,113,9911,2,7,16,51.92,0,77.54010695,7.417142857,female
34,56,5964,0,21,72,160.96,0,39.45338699,7.664761905,female
47,71,7391,0,17,46,38.24,0,42.45704235,2.249411765,female
90,146,7373,6,18,48,202.64,1,77.39047877,11.25777778,female
67,46,7616,3,19,45,239.2,0,51.50997899,12.58947368,female
45,21,4695,0,2,9,12.16,0,61.55484558,6.08,female
76,76,7832,2,9,11,79.04,0,71.10572012,8.782222222,female
69,188,15126,1,1,20,4.24,2,58.34986117,4.24,female
73,163,19780,4,9,13,31.04,3,62.18402427,3.448888889,female
54,85,13051,0,4,85,32.4,0,46.20335607,8.1,female
71,80,13833,0,11,11,19.2,0,59.46649317,1.745454546,female
67,63,10391,0,7,68,64,0,52.87267828,9.142857143,female
78,82,9099,1,10,33,100.4,0,65.18298714,10.04,female
68,87,10189,0,5,41,27.68,0,58.17057611,5.536,female
81,64,8043,9,6,32,31.6,0,70.54581624,5.266666667,female
60,68,11150,0,6,55,55.28,0,48.59192825,9.213333333,female
59,68,10430,0,11,43,41.12,0,45.87727709,3.738181818,female
59,28,6402,9,14,28,192.16,0,56.31052796,13.72571429,female
58,46,8899,6,24,61,145.6,0,54.12967749,6.066666667,female
67,97,10023,6,9,42,70.48,7,63.98283947,7.831111111,female
62,81,11852,0,12,108,99.28,5,45.53661829,8.273333333,female
60,85,10656,5,4,51,17.84,2,57.16966967,4.46,female
68,76,10315,2,3,30,8.72,0,59.11778963,2.906666667,female
64,140,13949,0,3,63,8.32,0,53.57373288,2.773333333,female
63,139,12850,5,23,75,51.68,3,48.20233463,2.246956522,female
84,113,9754,6,7,85,74.16,0,77.20935001,10.59428571,female
77,88,8642,2,8,51,60.72,0,68.32909049,7.59,female
66,166,11236,6,3,35,16,0,52.99038804,5.333333333,female
77,76,8634,1,8,13,49.04,0,73.70859393,6.13,female
78,58,8066,5,14,41,135.76,0,65.9434664,9.697142857,female
87,46,5533,3,10,21,150.88,0,85.92083861,15.088,female
86,112,12520,0,10,10,105.44,0,86.69329074,10.544,female
91,59,8303,0,26,9,244,0,88.08864266,9.384615385,female
79,125,9257,6,4,54,139.6,26,71.24338339,34.9,female
81,141,8966,2,10,29,151.12,3,74.57060005,15.112,female
64,98,10605,4,11,71,29.2,10,52.88071664,2.654545455,female
67,84,9355,4,10,63,144.8,5,57.75521112,14.48,female
51,58,11377,0,5,64,26.16,0,43.78131318,5.232,female
74,22,5816,0,15,60,226.32,0,58.42503439,15.088,female
77,78,13521,1,10,16,88.96,3,73.70756601,8.896,female
70,79,13290,5,12,12,34.72,0,71.54251317,2.893333333,female
51,61,11487,0,10,44,42.24,5,44.29354923,4.224,female
58,69,11618,0,3,75,18.16,4,56.79979342,6.053333333,female
86,38,5682,3,3,1,31.36,0,90.14431538,10.45333333,female
77,42,6208,6,8,14,96.88,0,77.09407217,12.11,female
73,28,5640,8,19,17,151.36,0,58.4929078,7.96631579,female
81,61,5360,13,12,31,102.72,0,71.62313433,8.56,female
89,51,6951,6,14,1,201.2,0,76.4206589,14.37142857,female
88,33,6068,7,6,2,218.96,0,79.10349374,36.49333333,female
73,96,10521,0,7,41,33.52,0,74.32753541,4.788571429,female
65,120,10880,3,10,71,21.12,1,61.73713235,2.112,female
33,55,13056,0,3,28,17.84,0,27.46629902,5.946666667,female
60,57,9770,6,6,29,61.52,0,55.97748209,10.25333333,female
67,82,8338,3,4,17,19.12,0,73.13504438,4.78,female
79,41,6149,6,5,7,78.96,0,75.26427061,15.792,female
58,100,12191,0,12,34,42.24,16,47.28898368,3.52,female
65,57,12953,0,5,32,24.56,51,56.7358913,4.912,female
70,92,10261,0,1,75,5.12,0,63.11275704,5.12,female
69,63,9744,1,3,25,12.08,0,66.99507389,4.026666667,female
66,103,16236,1,13,112,37.68,0,51.64449372,2.898461539,female
69,78,13509,5,9,179,44.96,1,60.21171071,4.995555556,female
65,54,7318,1,7,8,45.36,0,69.07625034,6.48,female
44,93,9242,0,8,49,41.12,4,50.4869076,5.14,female
62,188,12429,0,15,145,54.32,12,51.56488857,3.621333333,female
83,142,7695,3,5,35,135.12,11,79.194282,27.024,female
63,78,10611,3,14,12,44.08,0,59.22156253,3.148571429,female
57,73,9181,0,7,22,59.68,0,56.31194859,8.525714286,female
30,28,5899,0,5,8,52.16,0,0.389896593,10.432,female
63,158,12704,2,7,13,48.48,0,58.90270781,6.925714286,female
73,54,8996,1,6,21,42.88,1,67.46331703,7.146666667,female
45,80,11896,0,7,38,32.08,8,39.34936113,4.582857143,female
60,70,11834,0,3,41,15.28,0,49.4591854,5.093333333,female
59,86,10938,2,6,26,40.48,0,50.71311026,6.746666667,female
58,77,8553,4,10,48,63.68,0,56.37787911,6.368,female
81,142,10871,9,10,45,79.84,8,71.93450465,7.984,female
56,141,11014,4,8,44,91.04,2,63.02887234,11.38,female
79,30,11942,6,16,16,103.92,0,74.95394406,6.495,female
56,78,12985,2,8,17,86.4,0,54.33962264,10.8,female
76,84,9719,0,8,18,36.16,0,67.15711493,4.52,female
45,131,14435,1,1,85,35.36,12,40.92137167,35.36,female
70,88,13239,3,6,28,58.48,0,57.94999622,9.746666667,female
46,113,16549,6,12,16,73.76,14,48.24460693,6.146666667,female
70,51,8292,2,9,16,135.6,0,68.81331404,15.06666667,female
54,11,5854,2,8,14,129.68,0,58.60949778,16.21,female
51,111,13453,1,5,95,57.36,1,46.88173642,11.472,female
56,169,12974,7,4,83,37.2,6,45.72221366,9.3,female
53,75,12619,1,2,23,15.36,0,49.51263967,7.68,female
58,62,9507,2,4,16,10.4,0,52.05637951,2.6,female
87,94,9111,2,6,61,29.04,0,81.977829,4.84,female
88,67,7222,1,3,35,25.52,0,81.39019662,8.506666667,female
87,94,9111,2,6,61,29.04,0,81.977829,4.84,female
83,42,5414,6,13,34,136.32,0,68.32286664,10.48615385,female
75,50,9331,2,16,76,209.44,0,57.70013932,13.09,female
82,63,7707,1,16,37,210.48,8,67.48410536,13.155,female
85,50,4998,3,7,4,100.72,0,81.17246899,14.38857143,female
65,48,6700,1,2,2,40.4,0,63.86567164,20.2,female
75,115,11871,0,4,66,11.04,252,65.08297532,2.76,female
73,53,10050,0,12,22,40.56,77,62.51741294,3.38,female
91,68,6953,0,2,5,7.2,0,87.76067884,3.6,female
92,73,8849,0,6,10,26.72,0,88.12295175,4.453333333,female
45,33,9771,0,17,37,165.28,0,36.48551837,9.722352941,female
27,11,7030,7,5,26,86.08,0,26.88477952,17.216,female
73,85,8384,7,11,45,65.68,0,65.73234733,5.970909091,female
62,57,7454,0,8,35,112.96,0,58.23718809,14.12,female
58,51,9485,2,9,68,50.8,0,48.16025303,5.644444444,female
19,2,4855,3,6,42,31.76,0,21.21524202,5.293333333,female
71,26,8407,1,7,87,164.16,0,55.84631854,23.45142857,female
72,52,7285,1,19,49,256.4,0,56.25257378,13.49473684,female
67,70,10406,0,9,84,45.52,0,53.44032289,5.057777778,female
58,46,12422,0,8,124,38.88,0,52.06891,4.86,female
77,55,12695,0,12,2,25.68,0,65.89996061,2.14,female
61,52,11138,3,5,53,14.96,0,54.46220147,2.992,female
84,74,8188,4,10,40,74.8,0,72.55740108,7.48,female
67,71,10341,5,6,111,43.76,0,48.22551011,7.293333333,female
50,42,11467,0,5,53,73.84,0,46.24574867,14.768,female
64,67,11671,0,10,41,86,0,60.62890926,8.6,female
60,40,7465,1,10,35,134.56,0,49.05559277,13.456,female
63,83,9584,0,6,35,33.6,0,61.33138564,5.6,female
83,54,8478,3,7,13,74.24,0,74.18023119,10.60571429,female
61,42,9038,7,5,20,101.12,0,49.05952644,20.224,female
51,75,11870,0,6,69,50.48,0,40.37910699,8.413333333,female
54,45,9263,4,7,36,119.36,0,47.22012307,17.05142857,female
91,51,6829,7,10,27,82.88,0,83.13076585,8.288,female
57,43,10051,2,2,37,8.64,0,42.02566909,4.32,female
73,67,14177,3,12,91,48.48,0,64.43535304,4.04,female
93,38,7121,3,10,37,54.56,0,90.22609184,5.456,female
83,141,10216,0,2,38,17.04,0,73.71769773,8.52,female
73,111,11077,0,4,48,11.12,1,67.54536427,2.78,female
91,45,6575,5,8,39,69.52,0,80.50190114,8.69,female
74,24,4713,6,6,1,113.28,0,72.56524507,18.88,female
56,36,7371,5,3,16,22.08,0,62.5966626,7.36,female
67,90,12627,4,2,44,11.44,0,57.68591114,5.72,female
73,58,9788,7,4,75,37.12,4,67.31712301,9.28,female
35,40,8582,0,4,73,19.2,1,27.9888138,4.8,female
67,82,11309,7,6,29,69.12,0,49.10248475,11.52,female
72,101,12712,0,6,29,23.6,0,56.98552549,3.933333333,female
58,110,9374,1,17,76,84.56,0,45.23149136,4.974117647,female
71,39,6741,4,9,59,115.04,0,44.99332443,12.78222222,female
79,106,11002,2,2,19,19.68,0,63.06126159,9.84,female
78,106,10752,6,2,45,11.84,0,62.7046131,5.92,female
82,47,9602,0,9,3,61.92,0,74.78650281,6.88,female
82,60,9092,1,7,12,51.28,0,78.06863176,7.325714286,female
70,76,13412,3,5,22,38.32,0,58.76826722,7.664,female
65,103,15542,2,5,42,26.4,0,47.79307682,5.28,female
65,98,11932,0,1,54,6.56,1,57.86959437,6.56,female
65,59,11488,1,3,57,13.28,0,53.8387883,4.426666667,female
70,78,11659,3,14,45,33.92,0,60.32249764,2.422857143,female
75,143,10005,1,6,52,20.96,0,65.17741129,3.493333333,female
83,204,8526,10,12,39,100.72,43,74.91203378,8.393333333,female
73,170,9332,3,2,83,19.76,2,58.28332619,9.88,female
62,54,8800,8,7,32,192.08,0,57.18181818,27.44,female
78,62,9103,8,8,39,133.44,0,64.42930902,16.68,female
75,64,9175,5,3,60,35.68,0,66.91008174,11.89333333,female
57,76,15326,0,1,42,6,10,46.7114707,6,female
65,119,10626,13,9,60,57.6,3,53.18087709,6.4,female
51,91,8028,8,7,9,69.12,3,43.23617339,9.874285714,female
69,149,12841,1,6,200,62.72,55,51.74830621,10.45333333,female
69,148,12296,6,4,185,34.24,19,55.72543917,8.56,female
93,113,7049,4,9,4,328.4,7,82.28117464,36.48888889,female
63,130,13245,0,3,69,11.52,3,56.59494149,3.84,female
84,59,6883,9,6,19,99.12,0,78.38151969,16.52,female
86,64,12071,2,6,2,127.12,0,80.27503935,21.18666667,female
71,53,12023,6,7,7,120.56,0,58.05539383,17.22285714,female
62,101,11567,4,8,62,49.92,0,59.54007089,6.24,female
71,96,13687,0,7,23,59.52,0,62.59954702,8.502857143,female
66,44,7061,3,7,61,82.64,0,58.75938252,11.80571429,female
82,54,8148,4,5,31,100.72,0,72.82768778,20.144,female
76,52,8594,1,7,18,152.08,0,61.22876425,21.72571429,female
57,73,12680,1,3,98,39.12,5,48.77760252,13.04,female
58,65,10977,1,3,52,21.12,0,44.7663296,7.04,female
63,31,8659,2,3,5,14.64,0,56.01108673,4.88,female
68,127,12237,6,12,74,64.96,0,50.24107216,5.413333333,female
89,72,7086,0,6,35,81.6,3,79.52300311,13.6,female
84,175,13522,10,6,41,58,16,73.06611448,9.666666667,female
60,73,9135,0,1,91,24.08,1,52.47947455,24.08,female
67,76,8358,6,25,90,120.8,4,52.44077531,4.832,female
69,91,7485,4,4,31,91.68,0,64.79625919,22.92,female
93,96,8026,0,8,4,26.72,0,92.49937703,3.34,female
77,78,6864,12,8,57,88.8,0,60.38752914,11.1,female
67,74,7943,7,6,54,45.52,1,56.67883671,7.586666667,female
91,108,9281,0,10,15,244.8,5,85.22788493,24.48,female
72,142,12939,7,2,45,4.16,0,59.91962285,2.08,female
72,77,9932,5,3,23,10.88,0,66.26057189,3.626666667,female
79,95,8598,4,8,52,153.2,0,66.95743196,19.15,female
82,89,7706,4,8,61,54.32,1,70.47754996,6.79,female
74,159,12577,0,2,17,10.32,0,60.92072831,5.16,female
90,144,7310,16,0,61,0,9,86.21067032,0,female
79,104,9198,4,0,50,0,5,75.25549032,0,female
75,92,11477,0,0,87,0,14,63.53576719,0,female
63,57,10595,4,0,70,0,9,53.50637093,0,female
72,164,12808,0,4,106,27.36,18,62.62492192,6.84,female
83,51,9325,5,7,55,76.72,3,70.68096515,10.96,female
79,121,11495,0,4,25,27.84,5,69.31709439,6.96,female
71,91,9577,0,5,51,36.88,11,62.55612405,7.376,female
84,67,11453,0,11,38,116.56,0,78.32882214,10.59636364,female
92,75,6667,7,7,12,70.8,0,89.92050398,10.11428571,female
68,71,10491,4,4,42,18.16,0,52.69278429,4.54,female
71,82,7261,5,4,6,88.4,0,52.55474453,22.1,female
33,18,7732,5,3,58,27.92,0,21.67615106,9.306666667,female
68,120,10102,4,5,56,28.24,37,49.30706791,5.648,female
83,129,12157,12,10,45,49.36,0,70.20646541,4.936,female
82,78,10639,7,5,26,35.76,0,72.27183006,7.152,female
67,125,9568,3,6,34,19.6,3,59.45861204,3.266666667,female
79,182,13076,4,3,29,7.6,1,73.90639339,2.533333333,female
81,117,8662,1,6,17,60.48,0,73.85130455,10.08,female
71,88,13691,0,8,30,81.28,0,58.68088525,10.16,female
67,127,13614,0,6,93,75.12,20,54.57617159,12.52,female
67,95,11089,0,10,149,50.72,17,47.93939941,5.072,female
62,68,9870,3,3,46,21.68,0,53.39412361,7.226666667,female
61,78,13530,5,4,55,23.92,6,47.76053215,5.98,female
66,68,10825,3,4,12,25.04,0,53.69976905,6.26,female
89,75,8774,4,10,12,194.4,3,83.58787326,19.44,female
94,54,7734,0,13,15,193.2,1,86.86320145,14.86153846,female
60,104,12960,0,6,86,27.2,7,49.10493827,4.533333333,female
54,84,13495,2,5,28,53.12,0,40.74842534,10.624,female
78,60,10078,4,1,5,2.96,0,72.80214328,2.96,female
71,70,10043,1,4,45,15.28,0,62.65060241,3.82,female
57,107,12384,0,7,9,17.92,0,46.53585271,2.56,female
26,0,5821,0,4,3,30.32,0,27.02284831,7.58,female
84,82,8262,2,9,44,118.08,2,72.1738078,13.12,female
72,64,9548,4,4,93,47.92,0,57.99120235,11.98,female
80,168,11908,1,4,63,40.96,0,66.72824992,10.24,female
80,121,9826,2,6,7,54.4,0,70.85283941,9.066666667,female
79,103,11153,2,4,93,12.24,0,72.66206402,3.06,female
74,96,9524,2,7,20,66.72,0,68.79462411,9.531428571,female
75,70,11484,2,5,66,33.12,0,67.74642982,6.624,female
79,66,8688,2,11,21,57.2,0,72.60589319,5.2,female
89,139,11712,5,4,18,88.24,0,79.84118853,22.06,female
89,123,9627,6,5,19,58.56,0,83.81634985,11.712,female
62,93,8745,3,3,13,98.88,0,62.24128073,32.96,female
70,95,8497,3,5,21,42,0,60.10356596,8.4,female
63,89,11546,4,4,21,52.96,17,57.75160229,13.24,female
85,87,9033,3,5,28,90.32,1,79.35348168,18.064,female
51,81,6750,12,11,33,82.24,5,48.59259259,7.476363636,female
37,58,5782,2,11,37,165.2,0,40.97198201,15.01818182,female
70,39,6639,13,12,44,98.32,0,48.74228046,8.193333333,female
69,35,5180,10,8,24,192,0,60.88803089,24,female
81,66,8377,9,9,14,92.08,0,65.78727468,10.23111111,female
46,98,11183,11,6,120,39.6,3,29.40177055,6.6,female
50,54,8496,0,12,112,48.64,0,42.87900188,4.053333333,female
53,53,7692,2,5,37,37.52,0,44.98179927,7.504,female
93,112,7855,4,5,93,31.92,0,89.78994271,6.384,female
79,141,10428,3,7,80,40.56,0,71.21212121,5.794285714,female
77,119,9525,1,7,69,32.56,0,60.91338583,4.651428571,female
90,76,6776,3,6,23,46.8,0,78.33530106,7.8,female
94,65,6764,5,2,34,24,0,90.62684802,12,female
80,66,8071,6,11,42,89.68,0,81.68752323,8.152727273,female
86,154,11635,1,5,27,25.6,1,78.05758487,5.12,female
74,260,16574,4,6,16,33.2,0,65.60878484,5.533333333,female
67,107,11427,5,14,69,106.16,0,57.61792246,7.582857143,female
74,44,10315,3,9,33,140.32,0,69.36500242,15.59111111,female
52,104,15873,0,3,149,9.2,3,43.92994393,3.066666667,female
59,123,16398,0,3,151,7.44,5,49.82314917,2.48,female
72,97,12145,0,6,135,49.04,7,58.92136682,8.173333333,female
81,102,9935,0,8,96,61.2,0,70.02516356,7.65,female
60,150,17418,0,5,31,13.04,0,54.5125732,2.608,female
72,134,12032,2,8,17,33.12,2,64.44481383,4.14,female
83,71,6599,5,5,60,77.52,0,69.57114714,15.504,female
79,81,6478,5,7,67,115.12,10,61.51589997,16.44571429,female
91,93,9217,1,4,17,44.64,0,85.08191386,11.16,female
74,114,9899,0,5,64,33.76,0,67.55227801,6.752,female
77,102,7407,3,3,19,129.84,18,59.11975159,43.28,female
55,59,7084,3,7,44,86.24,1,46.11801242,12.32,female
72,74,9667,6,10,62,55.44,3,66.38046964,5.544,female
75,101,10084,2,6,49,25.44,0,67.8599762,4.24,female
66,71,8288,11,11,63,128.4,0,56.20173745,11.67272727,female
86,31,6532,3,11,17,269.44,0,73.97428047,24.49454546,female
71,49,7585,3,4,42,26.96,0,59.12986157,6.74,female
65,58,8512,7,6,56,68.16,0,56.23825188,11.36,female
72,61,11213,0,3,22,13.2,0,65.90564523,4.4,female
71,91,11194,2,3,26,21.44,0,62.07789887,7.146666667,female
48,36,11499,0,3,32,39.2,0,44.0820941,13.06666667,female
62,54,11609,0,4,48,50.88,0,52.0199845,12.72,female
71,78,10599,8,4,55,49.04,0,67.73280498,12.26,female
86,114,8242,7,6,42,84.96,12,74.4115506,14.16,female
52,32,7970,0,3,52,30.64,0,43.21204517,10.21333333,female
66,40,9564,5,2,37,23.6,0,59.36846508,11.8,female
85,91,13460,0,3,24,31.04,1,76.55274889,10.34666667,female
88,18,5300,4,4,1,53.04,0,88.67924528,13.26,female
52,34,8106,1,1,53,16.88,0,51.65309647,16.88,female
58,95,11007,0,2,85,19.52,0,55.95530117,9.76,female
66,68,16857,0,8,51,35.28,0,57.24624785,4.41,female
69,64,12353,2,9,14,27.84,0,58.73067271,3.093333333,female
86,75,10340,2,3,70,12.96,7,78.25918762,4.32,female
85,65,10118,2,3,29,27.36,0,77.75252026,9.12,female
74,49,7093,0,3,28,45.76,5,73.50909347,15.25333333,female
86,101,7850,0,3,29,45.2,1,77.89808917,15.06666667,female
72,80,10950,2,1,25,18.72,0,64.25570776,18.72,female
63,75,11822,1,1,50,21.76,0,50.57519878,21.76,female
76,50,8471,8,15,34,122,9,63.87675599,8.133333333,female
60,76,9909,1,7,92,59.2,4,50.91331113,8.457142857,female
66,52,8076,2,10,19,55.28,0,53.61565131,5.528,female
57,68,8496,1,6,40,127.84,2,47.64595104,21.30666667,female
68,38,7634,12,2,11,150.4,0,63.75425727,75.2,female
75,31,7418,8,2,3,23.92,0,67.24184416,11.96,female
65,34,7863,5,5,89,34.4,0,53.60549409,6.88,female
83,44,6597,3,9,33,135.2,0,70.98681219,15.02222222,female
72,63,7580,8,10,45,63.76,2,66.09498681,6.376,female
77,62,7609,3,4,35,25.52,2,67.43330267,6.38,female
71,61,6117,6,6,27,40.8,0,71.08059506,6.8,female
82,62,7664,1,7,28,51.76,0,70.56367432,7.394285714,female
80,62,8277,3,6,37,89.52,0,64.0086988,14.92,female
47,52,7344,4,2,23,31.84,0,54.833878,15.92,female
70,89,13044,0,3,54,23.04,10,58.30266789,7.68,female
65,62,8492,0,6,35,48.08,17,55.51106924,8.013333333,female
52,37,5775,3,5,9,73.68,0,51.6017316,14.736,female
39,35,6591,0,4,46,32.72,0,46.80625095,8.18,female
85,105,9522,0,1,58,7.12,0,81.94706994,7.12,female
87,83,7181,0,5,16,184.8,0,78.63807269,36.96,female
57,66,13897,0,4,62,47.68,1,43.80082032,11.92,female
39,51,11775,0,4,85,31.2,0,38.58174098,7.8,female
50,38,9031,0,13,45,69.12,0,46.77222899,5.316923077,female
48,44,10496,4,5,130,29.04,0,33.83193598,5.808,female
79,100,6871,3,13,36,181.04,0,78.80948916,13.92615385,female
90,97,7054,5,6,39,64.08,0,87.11369436,10.68,female
56,31,9189,1,6,34,69.2,0,45.32593318,11.53333333,female
65,77,6716,4,7,30,194.88,0,56.71530673,27.84,female
81,91,8281,1,7,21,85.68,0,79.99033933,12.24,female
80,96,11640,3,7,8,49.36,0,74.56185567,7.051428571,female
73,56,9155,1,13,54,86,0,61.13599126,6.615384615,female
74,44,9556,1,11,61,63.68,0,65.41439933,5.789090909,female
92,65,5661,2,10,30,78.88,0,80.58646882,7.888,female
74,51,11975,1,7,35,41.68,0,63.23173278,5.954285714,female
85,96,8917,7,6,67,48.32,0,76.35976225,8.053333333,female
85,86,10766,2,5,31,41.2,0,80.41984024,8.24,female
87,54,5856,1,3,28,56.96,0,73.99248634,18.98666667,female
66,92,12375,0,2,59,12.4,4,56.61414141,6.2,female
63,86,14879,0,4,62,21.76,14,50.63512333,5.44,female
66,77,17135,0,3,42,10,1,53.73212723,3.333333333,female
64,103,16437,0,0,46,0,11,49.4129099,0,female
71,83,14978,5,2,68,12.88,4,59.54065963,6.44,female
63,72,15583,0,4,66,17.36,3,56.3691202,4.34,female
70,82,15516,0,3,24,12.8,1,66.47331787,4.266666667,female
73,80,18131,0,1,34,6.24,2,66.30081077,6.24,female
66,95,11228,0,3,69,24.08,0,55.10331315,8.026666667,female
53,39,13148,0,4,92,28,0,43.23090964,7,female
65,98,14941,2,4,126,24.08,0,55.53845124,6.02,female
51,62,13268,4,4,125,20.48,0,40.02110341,5.12,female
68,51,15083,0,3,19,13.6,6,60.45879467,4.533333333,female
71,60,16844,0,4,31,12.72,8,59.23771076,3.18,female
65,45,8611,0,8,67,193.76,0,42.75926141,24.22,female
73,86,11392,0,11,41,87.2,0,59.26088483,7.927272727,female
66,64,9077,10,3,46,96.32,0,54.96309353,32.10666667,female
76,36,7625,0,2,44,41.52,0,51.8295082,20.76,female
63,85,10911,9,2,99,14.32,0,60.11364678,7.16,female
59,38,11104,9,3,56,13.52,0,53.53926513,4.506666667,female
67,105,16038,4,4,20,24.8,4,54.25863574,6.2,female
72,99,14179,3,2,17,15.92,6,63.05804359,7.96,female
63,90,11629,1,3,39,27.84,2,58.45730501,9.28,female
57,36,8857,7,3,47,19.6,0,52.2976177,6.533333333,female
70,30,8182,7,3,18,28.24,0,65.7418724,9.413333333,female
72,63,11975,1,5,49,31.2,0,68.20876827,6.24,female
55,45,15094,2,0,57,0,0,54.62435405,0,female
59,45,8208,3,10,19,162.56,0,43.71345029,16.256,female
57,79,11524,0,6,17,107.36,0,43.47448803,17.89333333,female
66,52,8986,2,7,15,96.8,0,53.50545293,13.82857143,female
71,65,11058,4,5,14,187.52,0,48.81533731,37.504,female
91,35,6950,6,6,5,164.24,0,85.32374101,27.37333333,female
83,50,8175,5,5,6,73.44,0,77.37003058,14.688,female
65,60,11852,5,3,35,24.8,0,64.52075599,8.266666667,female
48,13,5644,9,8,2,95.12,0,49.48618001,11.89,female
80,103,13261,0,5,3,12.4,0,75.7785989,2.48,female
88,73,9537,1,5,11,31.76,0,85.81314879,6.352,female
72,112,13735,0,2,77,10.8,5,63.10884601,5.4,female
50,32,10710,0,9,108,33.44,0,41.06442577,3.715555556,female
63,65,14430,8,5,32,73.52,0,57.41510742,14.704,female
74,82,15220,1,1,36,1.44,0,66.27463863,1.44,female
53,68,14868,0,2,47,8.8,0,42.05004036,4.4,female
59,84,17592,0,0,61,0,7,50.18758527,0,female
71,69,13702,0,9,35,43.28,0,61.17355131,4.808888889,female
60,58,14608,0,8,49,20.24,0,49.58242059,2.53,female
77,147,15127,0,10,41,26.8,9,60.73246513,2.68,female
68,145,15028,2,3,48,15.76,14,49.82033537,5.253333333,female
70,93,15094,2,7,46,53.2,32,50.49026103,7.6,female
78,84,11574,0,5,17,15.52,7,66.61482634,3.104,female
87,15,6809,0,9,11,109.2,0,82.05316493,12.13333333,female
74,102,12913,0,5,26,51.84,0,67.25005808,10.368,female
87,58,8053,3,11,8,98.16,0,72.35812741,8.923636364,female
66,63,13397,3,10,19,65.44,0,51.65335523,6.544,female
71,122,17471,2,4,32,33.28,0,57.39225001,8.32,female
65,76,11432,1,4,23,43.04,2,57.75892232,10.76,female
69,114,14544,0,7,74,52.56,13,62.8850385,7.508571429,female
66,76,15962,0,1,75,5.12,0,52.27415111,5.12,female
78,77,8266,1,3,32,44.32,0,63.29542705,14.77333333,female
82,63,7904,0,7,31,133.52,0,68.38309717,19.07428571,female
81,80,10943,3,7,3,42.88,0,71.18706022,6.125714286,female
85,101,11469,2,7,7,35.44,0,74.26105153,5.062857143,female
77,109,10130,10,5,43,39.44,8,63.95853899,7.888,female
63,57,8873,5,5,49,59.36,8,49.35196664,11.872,female
82,60,8589,3,7,36,60.8,0,77.92525323,8.685714286,female
65,65,8394,0,7,34,52.16,0,58.04145818,7.451428571,female
70,118,10861,7,5,153,12.8,1,66.04364239,2.56,female
74,162,18394,0,5,83,13.52,13,64.1513537,2.704,female
53,70,10829,10,11,78,102,0,43.89140272,9.272727273,female
60,69,11739,6,13,51,37.68,0,48.54757646,2.898461539,female
62,63,10331,0,6,34,30.16,0,45.82325041,5.026666667,female
76,103,14089,4,5,46,32.56,0,59.18092129,6.512,female
79,103,10940,3,10,49,42.48,0,69.69835466,4.248,female
79,74,9351,2,10,24,157.44,0,65.10533633,15.744,female
66,78,11056,0,3,69,16.16,0,48.31765557,5.386666667,female
59,68,12652,0,11,59,27.52,0,45.63705343,2.501818182,female
57,32,8865,7,20,55,101.68,0,55.5893965,5.084,female
50,35,9477,9,18,29,106.64,0,46.00612008,5.924444444,female
58,35,10290,4,3,57,8.72,0,58.52283771,2.906666667,female
70,76,15169,7,7,61,35.12,0,66.23376623,5.017142857,female
53,95,14407,8,10,58,45.04,0,52.87707365,4.504,female
72,54,15721,4,2,55,11.12,0,64.80503785,5.56,female
51,57,15791,10,10,96,52.16,0,43.99974669,5.216,female
62,50,12791,8,6,64,22.88,0,60.99601282,3.813333333,female
58,56,11373,12,16,40,49.76,0,50.30335004,3.11,female
56,83,13704,5,16,56,44.24,0,45.48307064,2.765,female
